Image, Name, Description, Price, Category
<img src="imgCat/labrador.jpg" alt="labrador dog">, Labrador, 5 months old, $1500, Pure Breed Dog Adoption
<img src="imgCat/husky.jpg" alt="husky dog">, Husky, 1 month old, $1300, Pure Breed Dog Adoption
<img src="imgCat/german.jpg" alt="german shephard">, German Shephard, 3 months old, $1500, Pure Breed Dog Adoption
<img src="imgCat/rottweiler.jpg" alt="rottweiler dog">, Rottweiler, 6 months old, $2500, Pure Breed Dog Adoption
<img src="imgCat/golden.jpg" alt="golden retriever">, Golden Retriever, 2 months old, $1700, Pure Breed Dog Adoption
<img src="imgCat/chinese-evergreen.jpg" alt="chinese-evergreen plant">, Chinese Evergreen, Tidy and trouble free., $79, Indoor Plants
<img src="imgCat/jade-plant.jpg" alt="jade-plant">, Jade Plant, A popluar house plant and is also very easy plant to take care of., $10, Indoor Plants
<img src="imgCat/asparagus.jpg" alt="asparagus-fern">, Asparagus Fern, Adapts to both bright spots and darker corners. Keep the soil moist and it'll thrive., $16, Indoor Plants
<img src="imgCat/fiddle-leaf.jpg" alt="fiddle-fern">, Fiddle Leaf Fig, Their hardy disposition can adapt to msot bright locations (minus direct sunlight). Water generously in the summer and slow it down when winter comes., $99.95, Indoor Plants
<img src="imgCat/philodendron.jpg" alt="philodendron birkin">, Philodendron Birkin, Easy-to-care-for plant that enjoys medium to bright indirect sunlight along with regular waterings., $24, Indoor Plants
<img src="imgCat/basketball.jpg" alt="basketball">, Basketball, A ball used in the NBA., $10000, Sports
<img src="imgCat/soccer.jpg" alt="soccer ball">, Soccer Ball, FIFA World Cup Brazil Adidas Soccer Ball, $358, Sports 
<img src="imgCat/football.jpg" alt="football">, Football, NFL Football, $236, Sports
<img src="imgCat/tennis-ball.jpg" alt="tennis ball">, Tennis Ball, 4 Vermont Classic Tour Tennis Ball, $19.99, Sports
<img src="imgCat/volleyball.jpg" alt="volleyball">,  Voleyball Ball, Wilson avp Volleyball, $170, Sports
<img src="imgCat/lexus.jpg" alt="lexus nx">, Lexus NX, Plug-In Hybrid and 4WD, $40000, Used Cars
<img src="imgCat/range-rover.jpg" alt="land rover">, Land Rover Range Rover, Excellent balance of off-raod ability and luxury. Long-wheelbase variant provides additional rear legroom., $70900, Used Cars
<img src="imgCat/honda.jpg" alt="honda cr-v">, Honda CR-V, Fuel efficiency interior versatility and plenty of the latest technology., $16250, Used Cars
<img src="imgCat/toyota.jpg" alt="toyota yaris">, Toyota Yaris, The vehicle achieves an easyto-handle body size while providing SUV-like interior comfort and luggage room., $42115, Used Cars
<img src="imgCat/kia.jpg" alt="kia seltos">, Kia Seltos, All-wheel drive system provides better traction and handling in any driving conditions., $10995, Used Cars
<img src="imgCat/thinkpad.jpg" alt="thinkpad laptop">, Kia Seltos, All-wheel drive system provides better traction and handling in any driving conditions., $10995, Used Electronics
<img src="imgCat/hp.jpg" alt="hp spectre">, HP Spectre, The top-rated laptop has strong performance combined with a lightning-fast SSD a vivid 13.3-inch 4K OLED display and a comfortable keyboard all packed in the Spectre's gorgeous signature design., $1012.25, Used Electronics
<img src="imgCat/dell.jpg" alt="dell xps">, Dell XPS, The company managed to make the laptop 5.5% smaller than the previous model while making the keys and touchpad significantly larger., $1100.10, Used Electronics
<img src="imgCat/samsung.jpg" alt="samsung galaxy book flex">, Samsung Galaxy Book Flex, With its royal blue aluminium frame the Flex 15 is drop-dead gorgeous. Because of its 360-degree hinges and bundled S-Pen its incredibly versatile transforming from a traditional clamshell into a powerful note-taking machine., $1150.50, Used Electronics
<img src="imgCat/asus.jpg" alt="asus rog zephyrus g14">, Asus ROG Zephyrus G14, Powered by AMD's new powerful Ryzen 9-4900HS processor the laptop is a powerful multitasker., $1152.10, Used Electronics
<img src="imgCat/travel-pillow.png" alt="pillow">, Travel Pillow, 2-IN-1 Travel Pillow, $20, Personal
<img src="imgCat/veganbag.jpg" alt="backpack">, Backpack, Made with real vegan leather., $290, Personal
<img src="imgCat/reading-glass.jpg" alt="eye glasses">, Reading Glasses, It will help you see better., $6, Personal
<img src="imgCat/s'well.jpg" alt="water bottle">, Water Bottle, Can travel easily with the S'well water bottle., $40, Personal
<img src="imgCat/headphone.jpg" alt="ear phones">, Headphones, Introducing Microsoft Surface Headphones, $269, Personal